"first name","last name","sport","contact method","details"
"Charlotte","Denys","Hockey","text","(806) 444-4057"
"Kevin","Lewis","Basketball","call","(829) 385-5984"
"Blake","Claire","Rugby","email","redfish143@netcrafters.org"
"Ramon","Hayes","Basketball","email","ramon_hayes@globaldataflow.net"
"Isabel","Cooper","Football","call","(888) 909-2075"
"Holly","White","Baseball","email","holly_white@cybercanvas.net"
"Tracy","Daniels","Volleyball","text","(704) 553-1664"
"Flenn","Nelson","Rugby","text","(937) 565-1784"
"Tanya","Wilson","Swimming","call","(774) 445-4885"
"Chester","Burke","Rugby","text","(854) 706-8945"
"Guy","Meyer","Football","call","(702) 567-4412"
"Florence","Chen","Tennis","call","(839) 989-5776"
"Vincent","Reid","Rugby","call","(149) 507-9132"
"Riley","Robinson","Volleyball","text","(247) 670-6898"
"Marilyn","Sanchez","Baseball","email","sanchez.marilyn@codexcore.net"
"Oliver","Miller","Baseball","text","(261) 723-7894"
"Aubree","Smith","Tennis","text","(196) 769-8760"
"Roger","Lucas","Baseball","call","(264) 219-8364"
"Rene","Kuhn","Swimming","email","rene_kuhn@globaldataflow.net"
"Charlie","Kumar","Tennis","text","(143) 615-5498"
"Bob","Mills","Golf","text","(705) 936-9787"
"Jessica","Brewer","Football","email","brewer.jessica@netwave.biz"
"Ryan","Martin","Volleyball","text","(617) 903-2718"
"Mia","Pena","Volleyball","email","pena_mia@netnavigators.org"
"Roger","Nguyen","Tennis","email","nguyen.roger@cloudpulse.org"
"Roy","Jennings","Hockey","text","(673) 158-1422"
"Harley","Patel","Swimming","email","harley.patel@netnode.org"
"Dylan","Addy","Golf","text","(795) 248-5506"
"Evelyn","Morris","Basketball","email","evelynmorris@virtualverse.net"
"Jackson","Morris","Rugby","text","(766) 950-2430"
"Emile","Abraham","Football","call","(647) 698-7213"
"Sarah","Ouellet","Hockey","email","orangeostrich841@netnavigators.org"
"Sylvia","Prescott","Football","text","(644) 959-2655"
"Mason","West","Hockey","call","(347) 501-9506"
"Oliver","Roy","Hockey","email","happykoala711@netnavigators.org"
"Aria","Kumar","Hockey","text","(831) 239-6299"
"Javier","Campbell","Golf","call","(120) 523-9016"
"Amy","Denys","Hockey","email","amy.denys@netnode.org"
"Peyton","Turner","Football","text","(576) 290-8595"
"Dylan","Scott","Swimming","call","(488) 337-6373"
"Nina","King","Soccer","call","(347) 330-5006"
"Noelle","Mitchelle","Baseball","call","(337) 328-6433"
"Levi","Taylor","Hockey","call","(575) 363-1922"
"Juliette","Lavigne","Rugby","call","(484) 961-6825"
"Hailey","Price","Swimming","call","(146) 588-7262"
"Zachary","Addy","Hockey","text","(510) 160-7633"
"Ralph","Alvarez","Rugby","call","(484) 799-8400"
"Samantha","Lee","Baseball","email","samantha.lee@techgrid.com"
"Dominic","Côté","Swimming","text","(209) 691-7823"
"Carolyn","Wilson","Basketball","email","heavyswan804@cybercanvas.net"
"Cameron","Wood","Swimming","call","(333) 829-2053"
"Roman","Wright","Football","email","heavytiger618@yahoo.com"
"Mathis","Young","Volleyball","email","youngmathis@siliconshore.biz"
"Bently","Grewal","Rugby","email","angrywolf984@datarealm.biz"
"Kirk","Lewis","Baseball","text","(417) 987-8563"
"Joanne","Phillips","Hockey","call","(436) 523-8352"
"Harry","Williamson","Rugby","email","williamsonharry@siliconshore.biz"
"Melodie","Thompson","Golf","text","(207) 290-1344"
"Wayne","Fuller","Football","email","lazywolf639@futurebits.net"
"Logan","Macdonald","Volleyball","text","(676) 883-9766"
"Lance","Walters","Swimming","email","lancewalters@netnexus.org"
"Jaxon","Turner","Basketball","call","(346) 394-3569"
"Sophia","Lavoie","Tennis","email","organicladybug917@globalgrid.biz"
"Bobby","Fowler","Swimming","text","(225) 615-8812"
"Chester","Owens","Soccer","call","(909) 439-5547"
"Neil","Garcia","Baseball","email","garcia_neil@techstreamline.com"
"Olive","Lee","Swimming","email","lee_olive@gmail.com"
"Ryan","Bélanger","Basketball","text","(899) 780-6726"
"Maxime","Li","Hockey","email","maximeli@cybercentral.com"
"Felecia","King","Football","email","feleciaking@webwarden.org"
"Terri","Mccoy","Swimming","email","terri.mccoy@netwave.biz"
"Lilly","Clarke","Volleyball","call","(781) 920-6647"
"Beatrice","Chapman","Football","call","(737) 158-3515"
"Soham","Mccoy","Swimming","email","mccoysoham@cyberneticweb.net"
"Caitlin","Morris","Golf","text","(998) 561-7939"
"Cameron","Martin","Soccer","call","(489) 811-5485"
"Mila","Roberts","Basketball","call","(267) 454-2488"
"Arlo","Li","Rugby","email","yellowbird350@globalgrid.biz"
"Raymond","Carlson","Rugby","text","(705) 933-2564"
"Aubree","Roy","Swimming","call","(223) 758-6316"
"James","Martin","Swimming","email","whitewolf986@quantumcode.net"
"Amber","Byrd","Swimming","text","(623) 827-8626"
"Valerie","Bell","Swimming","text","(271) 552-5910"
"Scott","Wallace","Tennis","text","(205) 673-9626"
"Olivia","Singh","Hockey","text","(290) 769-5542"
"Perry","Olson","Football","text","(928) 219-6710"
"Liam","Lo","Football","call","(717) 253-9698"
"Angel","Berry","Football","email","angel.berry@yahoo.com"
"Alice","Ambrose","Basketball","text","(997) 301-5859"
"Juanita","Spencer","Rugby","call","(536) 948-6089"
"Liam","Moore","Baseball","call","(527) 444-5694"
"Zackary","Kowalski","Tennis","email","crazyostrich504@outlook.com"
"Franklin","Hunt","Football","call","(704) 191-9079"
"Theo","Claire","Tennis","text","(877) 567-3084"
"Jasmine","Claire","Swimming","email","jasmineclaire@globalgrid.biz"
"Lawrence","Black","Baseball","call","(672) 266-4502"
"Chloe","Clark","Volleyball","email","chloeclark@enterprise.info"
"Xavier","Knight","Football","call","(331) 343-8527"
"Juanita","Cruz","Swimming","email","cruzjuanita@netwave.biz"
"Hannah","Wright","Tennis","call","(610) 831-3321"
"Addison","Harris","Baseball","text","(546) 889-4270"
"Kyle","Andrews","Baseball","email","greenzebra153@netnavigators.org"
"Lewis","Chambers","Golf","text","(906) 500-4710"
"James","Roberts","Rugby","call","(948) 751-5194"
"Jade","Patel","Hockey","call","(981) 373-3050"
"Mae","Hudson","Golf","call","(393) 532-9090"
"Charlotte","Gill","Volleyball","email","gillcharlotte@techterrane.org"
"Letitia","Lopez","Baseball","call","(747) 629-9648"
"Ethel","Fernandez","Hockey","call","(514) 810-2668"
"Mason","Edwards","Hockey","call","(184) 639-3417"
"Ella","Andersen","Volleyball","text","(597) 597-4409"
"Charles","Ray","Baseball","text","(674) 174-8779"
"Valerie","Reed","Football","email","valerie.reed@codehaven.net"
"Dale","Reyes","Basketball","email","blackwolf726@datarealm.biz"
"Andy","Hanson","Rugby","call","(736) 930-3623"
"Gabriel","Hunter","Hockey","email","gabriel_hunter@example.com"
"Jason","Sutton","Soccer","email","greendog999@gmail.com"
"Chloe","Chow","Soccer","text","(143) 815-3146"
"Louella","Castro","Hockey","email","castrolouella@futurebits.net"
"Francisco","Kuhn","Tennis","email","ticklishlion618@webpage.biz"
"Noah","Chu","Volleyball","email","noahchu@datadome.biz"
"Taylor","Wright","Volleyball","email","wrighttaylor@outlook.com"
"Terrance","Fields","Volleyball","text","(152) 723-4656"
"Leona","Stanley","Rugby","call","(298) 702-4116"
"Ted","Simmons","Swimming","text","(620) 882-8294"
"Erik","Johnson","Rugby","text","(426) 823-6190"
"Ronnie","Porter","Hockey","email","orangelion107@datadome.biz"
"Marshall","Vasquez","Basketball","email","vasquez_marshall@enterprise.info"
"Gabriel","Scott","Volleyball","call","(655) 852-2149"
"Lucy","Wood","Baseball","call","(297) 606-9240"
"Sophia","Young","Hockey","call","(813) 663-6441"
"Jacob","Gauthier","Baseball","text","(824) 643-3015"
"Frances","Cooper","Basketball","call","(286) 917-6567"
"Isabel","Morris","Golf","email","morris.isabel@infotechline.com"
"Ruben","Collins","Football","call","(482) 351-1240"
"Mabel","Brewer","Golf","call","(252) 250-7303"
"Glen","Douglas","Swimming","email","angrypeacock990@gmail.com"
"Lee","Phillips","Volleyball","text","(542) 391-2459"
"Scarlett","Henry","Swimming","email","beautifulswan594@netwave.biz"
"Aiden","Williams","Basketball","call","(342) 697-8361"
"Arnaud","Addy","Baseball","text","(564) 421-2720"
"Mitchell","Fernandez","Hockey","text","(490) 774-8024"
"Keira","White","Soccer","email","white_keira@cybercentral.com"
"Carolyn","Dean","Swimming","email","yellowfish328@techterrane.org"
"Jackie","Reid","Basketball","call","(126) 440-3825"
"Rafael","Howell","Golf","email","rafaelhowell@netwave.biz"
"Charlotte","Miller","Tennis","text","(643) 382-6049"
"Lily","Chan","Football","call","(122) 595-6058"
"Phoebe","Patel","Baseball","email","phoebe.patel@outlook.com"
"James","Kennedy","Rugby","text","(734) 605-4499"
"Florence","Knight","Football","email","florenceknight@binaryblend.biz "
"Tara","Owens","Swimming","text","(140) 418-9986"
"Patsy","Kuhn","Basketball","email","patsy_kuhn@cyberclime.net"
"Richard","Snyder","Football","text","(836) 518-3857"
"Phoebe","White","Volleyball","email","white.phoebe@yahoo.com"
"Evelyn","Neal","Hockey","call","(972) 308-5444"
"Avery","Park","Tennis","email","goldenpanda614@netnavigator.com"
"Leo","Wood","Golf","call","(453) 339-4259"
"Abigail","Lee","Rugby","text","(940) 623-4235"
"Marion","Douglas","Soccer","text","(954) 464-8496"
"Cohen","Wang","Golf","call","(903) 120-4709"
"Connor","Davis","Golf","call","(478) 473-2873"
"Madison","White","Tennis","email","madisonwhite@webtech.com"
"Lewis","Rhodes","Tennis","text","(815) 185-6726"
"Janice","Rodriquez","Basketball","call","(595) 795-2099"
"Jorge","Craig","Soccer","text","(701) 668-5728"
"William","Thomas","Basketball","call","(797) 622-3742"
"Owen","Liu","Football","email","happybutterfly446@futurebits.net"
"Sophie","Taylor","Volleyball","text","(567) 376-3969"
"Kenneth","Austin","Swimming","call","(489) 492-7664"
"Patsy","Fisher","Golf","call","(185) 291-7236"
"Jack","Thomas","Tennis","email","thomas.jack@business.net"
"Erika","Burke","Volleyball","text","(987) 614-2877"
"Alice","Park","Swimming","text","(237) 423-5330"
"Derrick","Martinez","Volleyball","text","(988) 441-7060"
"Toni","Mckinney","Golf","call","(310) 176-7423"
"Kay","Griffin","Rugby","call","(200) 294-3521"
"Ethan","Patel","Baseball","email","heavytiger870@binaryblend.biz "
"Evan","Gonzalez","Golf","call","(128) 238-3095"
"Freya","Wilson","Soccer","text","(354) 472-6148"
"Maureen","Franklin","Football","text","(579) 737-8347"
"Jessica","White","Volleyball","email","jessica_white@techterrane.org"
"Eduardo","Richards","Basketball","call","(728) 314-8367"
"Stella","Thomas","Rugby","call","(295) 849-6938"
"Melodie","Bouchard","Tennis","email","bouchardmelodie@techstreamline.com"
"Kyle","May","Football","email","whitemouse740@codebyte.org"
"Lisa","Carlson","Tennis","text","(512) 724-3859"
"Mattie","Gray","Volleyball","email","graymattie@netcrafters.org"
"Jacob","Lane","Basketball","text","(862) 228-7917"
"Gilbert","Hayes","Basketball","email","gilbert.hayes@virtualverse.net"
"Shane","Carpenter","Hockey","email","carpentershane@digitaldynamo.com"
"Megan","Slawa","Soccer","text","(637) 114-8121"
"Beth","Nguyen","Rugby","call","(731) 494-6051"
"Frederick","Reyes","Tennis","text","(755) 705-3458"
"Tyler","Edwards","Soccer","text","(684) 917-4372"
"Hunter","Bradley","Rugby","text","(102) 589-6144"
"Jasper","Singh","Swimming","text","(614) 788-9086"
"Hudson","Lavigne","Swimming","text","(113) 961-9322"
"Ella","Robinson","Football","call","(962) 567-8325"
"Eva","Thompson","Baseball","call","(411) 141-7583"
"Theo","Young","Baseball","text","(964) 351-1305"
"Leroy","Baker","Football","call","(724) 500-2199"
"Adam","Murphy","Basketball","email","adam_murphy@cyberneticweb.net"
"Piper","Lee","Baseball","call","(776) 494-9320"
"Harry","Soto","Hockey","text","(783) 956-1522"
"Gabrielle","Harris","Volleyball","call","(383) 295-7323"
"Harper","Ouellet","Rugby","email","heavybear688@techgrid.com"
"Flynn","Kumar","Hockey","call","(289) 576-1303"
"Ryder","Johnson","Basketball","call","(481) 155-9289"
"Lynn","Watson","Golf","email","lynnwatson@netnode.org"
"Thomas","Jones","Rugby","email","thomas.jones@datadeck.org"
"Jackie","Chambers","Football","text","(290) 183-2009"
"Ross","Sanders","Hockey","email","ross.sanders@digitaldrift.org"
"Lucas","Sutton","Swimming","call","(833) 302-8865"
"Maia","Taylor","Swimming","call","(168) 131-2177"
"Charlotte","Chambers","Baseball","call","(302) 146-5689"
"Hailey","Mitchell","Rugby","call","(916) 353-9537"
"Andrew","Bell","Baseball","call","(755) 595-9107"
"Douglas","Matthews","Golf","text","(784) 299-8149"
"Alice","Hughes","Swimming","email","alicehughes@siliconshore.biz"
"Edward","Wang","Tennis","call","(799) 992-3193"
"Sophie","Neal","Hockey","text","(606) 484-7421"
"Samantha","Davies","Hockey","email","whitepeacock251@globalgrid.biz"
"Zoey","Anderson","Tennis","call","(360) 121-4131"
"Juan","Daniels","Hockey","text","(374) 471-6963"
"Mia","Gagné","Basketball","email","beautifuldog607@virtualverse.net"
"Janet","Reyes","Volleyball","text","(210) 804-7173"
"Olivia","Lambert","Golf","email","lambertolivia@gmail.com"
"Valerie","Davidson","Volleyball","email","valerie_davidson@netwave.biz"
"Jack","Martin","Football","email","jack.martin@cloudpulse.org"
"Adam","Green","Golf","email","adamgreen@outlook.com"
"Sergio","Grant","Hockey","text","(449) 508-5617"
"Ramona","Stanley","Rugby","text","(444) 494-6153"
"Blake","Patel","Football","call","(854) 463-4712"
"Clara","Campbell","Golf","email","claracampbell@infospherix.com"
"Ayla","Morris","Football","call","(801) 786-1414"
"Penny","Moore","Swimming","call","(992) 129-7282"
"Mia","Williams","Golf","text","(660) 401-1590"
"Simon","Gauthier","Golf","call","(503) 363-4824"
"Alex","Holt","Basketball","email","smallleopard989@codexcore.net"
"Justine","Macdonald","Volleyball","call","(180) 700-6998"
"Sophie","Moore","Soccer","text","(312) 648-1916"
"Georgia","Walker","Soccer","email","georgia.walker@futurebits.net"
"Terry","Hill","Tennis","call","(353) 846-4651"
"Nathaniel","Evans","Basketball","email","nathaniel_evans@company.org"
"Emilie","Brar","Basketball","call","(806) 505-4597"
"Rhonda","Williams","Swimming","email","williams.rhonda@infotechline.com"
"Eli","Newman","Football","email","eli.newman@company.org"
"Alex","Hall","Volleyball","email","alex_hall@example.com"
"Ryder","Patel","Soccer","email","ryder.patel@codebyte.org"
